order_item_code,name,short_name,name_kana,category,specimen_code,container_code,kind,jlac_code,jlac_code_system,execution_type,receipt_code,display_order
160000310,尿一般検査,尿一般,ニョウイッパンケンサ,尿・糞便等検査,100,,panel,,,,160000310,10
160000310-01,尿pH,U-pH,ニョウピーエイチ,尿・糞便等検査,100,,single,,,,160000310,20
160000310-02,尿比重,U-SG,ニョウヒジュウ,尿・糞便等検査,100,,single,,,,160000310,30
160000310-03,尿蛋白(定性),U-TP,ニョウタンパク,尿・糞便等検査,100,,single,C1002000010000085,jlac11,,160000310,40
160000310-04,尿糖(定性),U-Glu,ニョウトウ,尿・糞便等検査,100,,single,C4001000010000085,jlac11,,160000310,50
160000310-05,尿潜血,U-OB,ニョウセンケツ,尿・糞便等検査,100,,single,A2007000010000085,jlac11,,160000310,60
160000310-06,ウロビリノゲン,U-URO,ウロビリノゲン,尿・糞便等検査,100,,single,,,,160000310,70
160000310-07,尿ケトン体,U-KET,ニョウケトンタイ,尿・糞便等検査,100,,single,,,,160000310,80
160000310-08,尿ビリルビン,U-BIL,ニョウビリルビン,尿・糞便等検査,100,,single,,,,160000310,90
160000310-09,亜硝酸塩,U-NIT,アショウサンエン,尿・糞便等検査,100,,single,,,,160000310,100
160000310-10,白血球反応,U-LEU,ハッケッキュウハンノウ,尿・糞便等検査,100,,single,,,,160000310,110
160005010,尿沈渣(鏡検法),尿沈渣,ニョウチンサ,尿・糞便等検査,100,,single,,,,160005010,120
160159550,尿沈渣(フローサイトメトリー法),尿沈渣FCM,ニョウチンサ,尿・糞便等検査,100,,single,,,,160159550,130
160000410,尿蛋白(定量),U-TP定量,ニョウタンパクテイリョウ,尿・糞便等検査,100,,single,,,,160000410,140
160176350,尿中蛋白/クレアチニン比(P/C比),U-P/C比,ニョウチュウタンパククレアチニンヒ,尿・糞便等検査,100,,single,C1010000010000087,jlac11,,160176350,150
160004810,尿中アルブミン(定量),U-Alb,ニョウチュウアルブミン,尿・糞便等検査,100,,single,,,,160004810,160
160004810-01,尿中アルブミン/クレアチニン比(A/C比),U-A/C比,ニョウチュウアルブミンクレアチニンヒ,尿・糞便等検査,100,,single,C1009000010000087,jlac11,,160004810,170
160003910,尿浸透圧,尿浸透圧,ニョウシントウアツ,尿・糞便等検査,100,,single,,,,160003910,180
160004110,NAG(尿),U-NAG,エヌエージー,尿・糞便等検査,100,,single,,,,160004110,190
160006510,糞便中ヘモグロビン定性,便潜血(定性),ベンセンケツテイセイ,尿・糞便等検査,190,,single,,,,160006510,200
160006810,糞便中ヘモグロビン,便潜血(定量),ベンセンケツテイリョウ,尿・糞便等検査,190,,single,,,,160006810,210
160005510,糞便塗抹,便塗抹,ベントマツ,尿・糞便等検査,190,,single,,,,160005510,220
160005710,虫卵検出(集卵法),虫卵,チュウランケンシュツ,尿・糞便等検査,190,,single,,,,160005710,230
160061110,髄液一般検査,髄液一般,ズイエキイッパンケンサ,尿・糞便等検査,410,,single,,,,160061110,240
160060910,精液一般検査,精液一般,セイエキイッパンケンサ,尿・糞便等検査,335,,single,,,,160060910,250
160008010,末梢血液一般検査,血算,マッショウケツエキイッパンケンサ,血液学的検査,212,,panel,,,,160008010,260
160008010-01,白血球数,WBC,ハッケッキュウスウ,血液学的検査,212,,single,B10020000212000G1,jlac11,,160008010,270
160008010-02,赤血球数,RBC,セッケッキュウスウ,血液学的検査,212,,single,B10010000212000G5,jlac11,,160008010,280
160008010-03,血色素量(ヘモグロビン),Hb,ケッシキソリョウ,血液学的検査,212,,single,B1004000021200055,jlac11,,160008010,290
160008010-04,ヘマトクリット,Ht,ヘマトクリット,血液学的検査,212,,single,,,,160008010,300
160008010-05,血小板数,PLT,ケッショウバンスウ,血液学的検査,212,,single,B10030000212000G1,jlac11,,160008010,310
160008010-06,MCV,MCV,エムシーブイ,血液学的検査,212,,single,,,,160008010,320
160008010-07,MCH,MCH,エムシーエイチ,血液学的検査,212,,single,,,,160008010,330
160008010-08,MCHC,MCHC,エムシーエイチシー,血液学的検査,212,,single,,,,160008010,340
160191510,末梢血液像(自動機械法),血液像(自動),マッショウケツエキゾウジドウ,血液学的検査,212,,panel,,,,160191510,350
160191510-01,好中球,Neut,コウチュウキュウ,血液学的検査,212,,single,,,,160191510,360
160191510-02,リンパ球,Lymph,リンパキュウ,血液学的検査,212,,single,,,,160191510,370
160191510-03,単球,Mono,タンキュウ,血液学的検査,212,,single,,,,160191510,380
160191510-04,好酸球,Eosino,コウサンキュウ,血液学的検査,212,,single,,,,160191510,390
160191510-05,好塩基球,Baso,コウエンキキュウ,血液学的検査,212,,single,,,,160191510,400
160008210,末梢血液像(鏡検法),血液像(鏡検),マッショウケツエキゾウキョウケン,血液学的検査,212,,panel,,,,160008210,410
160008210-01,桿状核好中球,Band,カンジョウカクコウチュウキュウ,血液学的検査,212,,single,,,,160008210,420
160008210-02,異型リンパ球,AtypLy,イケイリンパキュウ,血液学的検査,212,,single,,,,160008210,430
160007610,赤血球沈降速度(ESR),赤沈,セキケッキュウチンコウソクド,血液学的検査,214,T05,single,,,,160007610,440
160007910,網赤血球数,レチクロ,モウセッケッキュウスウ,血液学的検査,212,,single,,,,160007910,450
160007710,好酸球数,好酸球数,コウサンキュウスウ,血液学的検査,212,,single,,,,160007710,460
160010010,HbA1c,HbA1c,ヘモグロビンエーワンシー,血液学的検査,212,,single,B3009000021200012,jlac11,,160010010,470
160010410,骨髄像,骨髄像,コツズイゾウ,血液学的検査,460,,single,,,,160010410,480
160012010,プロトロンビン時間(PT),PT,プロトロンビンジカン,血液学的検査,244,,panel,,,,160012010,490
160012010-01,PT(秒),PT秒,ピーティービョウ,血液学的検査,244,,single,B20060000244000F0,jlac11,,160012010,500
160012010-02,PT活性,PT活性,ピーティーカッセイ,血液学的検査,244,,single,B2006000024400012,jlac11,,160012010,510
160012010-03,PT-INR,PT-INR,ピーティーアイエヌアール,血液学的検査,244,,single,B2006000024400061,jlac11,,160012010,520
160012010-04,PT比,PT比,ピーティーヒ,血液学的検査,244,,single,B2006000024400005,jlac11,,160012010,530
160012310,活性化部分トロンボプラスチン時間(APTT),APTT,エーピーティーティー,血液学的検査,244,,single,B20030000244000F0,jlac11,,160012310,540
160191610,フィブリノゲン定量,Fib,フィブリノゲン,血液学的検査,244,,single,,,,160191610,550
160114010,Dダイマー,D-ダイマー,ディーダイマー,血液学的検査,244,,single,B20190000244000H6,jlac11,,160114010,560
160191910,FDP定量,FDP,エフディーピー,血液学的検査,244,,single,,,,160191910,570
160113510,アンチトロンビン活性,AT活性,アンチトロンビンカッセイ,血液学的検査,244,,single,,,,160113510,580
160114210,TAT,TAT,ティーエーティー,血液学的検査,244,,single,,,outsourced,160114210,590
160113910,プラスミンインヒビター,α2-PI,プラスミンインヒビター,血液学的検査,244,,single,,,outsourced,160113910,600
160011410,出血時間,出血時間,シュッケツジカン,血液学的検査,,,single,,,,160011410,610
160017410,総蛋白(TP),TP,ソウタンパク,生化学検査,250,,single,C1002000025000055,jlac11,,160017410,620
160018910,アルブミン(Alb),Alb,アルブミン,生化学検査,250,,single,C1003000025000055,jlac11,,160018910,630
160017010,総ビリルビン(T-Bil),T-Bil,ソウビリルビン,生化学検査,250,,single,C8011000025000085,jlac11,,160017010,640
160017110,直接ビリルビン(D-Bil),D-Bil,チョクセツビリルビン,生化学検査,250,,single,C8012000025000085,jlac11,,160017110,650
160022510,AST(GOT),AST,エーエスティー,生化学検査,250,,single,C20080000250000F7,jlac11,,160022510,660
160022610,ALT(GPT),ALT,エーエルティー,生化学検査,250,,single,C20110000250000F7,jlac11,,160022610,670
160019510,LD(LDH),LD,エルディー,生化学検査,250,,single,C20120000250000F7,jlac11,,160019510,680
160020010,アルカリホスファターゼ(ALP),ALP,エーエルピー,生化学検査,250,,single,C20170000250000F7,jlac11,,160020010,690
160020410,γ-GT(γ-GTP),γ-GT,ガンマジーティー,生化学検査,250,,single,C20240000250000F7,jlac11,,160020410,700
160020210,コリンエステラーゼ(ChE),ChE,コリンエステラーゼ,生化学検査,250,,single,C20280000250000F7,jlac11,,160020210,710
160020310,アミラーゼ(AMY),AMY,アミラーゼ,生化学検査,250,,single,C20420000250000F7,jlac11,,160020310,720
160024010,リパーゼ,LIP,リパーゼ,生化学検査,250,,single,,,,160024010,730
160020610,クレアチンキナーゼ(CK),CK,クレアチンキナーゼ,生化学検査,250,,single,C20010000250000F7,jlac11,,160020610,740
160114710,CK-MB(蛋白量測定),CK-MB,シーケーエムビー,生化学検査,250,,single,,,,160114710,750
160019010,尿素窒素(BUN),BUN,ニョウソチッソ,生化学検査,250,,single,C3005000025000085,jlac11,,160019010,760
160019210,クレアチニン(Cre),Cre,クレアチニン,生化学検査,250,,single,C3002000025000085,jlac11,,160019210,770
160019310,尿酸(UA),UA,ニョウサン,生化学検査,250,,single,C3004000025000085,jlac11,,160019310,780
160177250,シスタチンC,Cys-C,シスタチンシー,生化学検査,250,,single,C3003000025000088,jlac11,,160177250,790
160021110,ナトリウム及びクロール,Na・Cl,ナトリウムオヨビクロール,生化学検査,250,,panel,,,,160021110,800
160021110-01,ナトリウム(Na),Na,ナトリウム,生化学検査,250,,single,C70020000250000B1,jlac11,,160021110,810
160021110-02,クロール(Cl),Cl,クロール,生化学検査,250,,single,C70040000250000B1,jlac11,,160021110,820
160021410,カリウム(K),K,カリウム,生化学検査,250,,single,C70030000250000B1,jlac11,,160021410,830
160021510,カルシウム(Ca),Ca,カルシウム,生化学検査,250,,single,C7006000025000085,jlac11,,160021510,840
160021810,無機リン及びリン酸,IP,ムキリン,生化学検査,250,,single,,,,160021810,850
160022210,マグネシウム(Mg),Mg,マグネシウム,生化学検査,250,,single,,,,160022210,860
160022110,血清鉄(Fe),Fe,ケッセイテツ,生化学検査,250,,single,,,,160022110,870
160023610,総鉄結合能(TIBC),TIBC,ソウテツケツゴウノウ,生化学検査,250,,single,,,,160023610,880
160023710,不飽和鉄結合能(UIBC),UIBC,フホウワテツケツゴウノウ,生化学検査,250,,single,,,,160023710,890
160192510,フェリチン定量,フェリチン,フェリチン,生化学検査,250,,single,,,,160192510,900
160019410,血糖(グルコース),Glu,ケットウ,生化学検査,245,T06,single,C4001000024500085,jlac11,,160019410,910
160151050,グリコアルブミン,GA,グリコアルブミン,生化学検査,250,,single,,,,160151050,920
160142350,"1,5-AG","1,5-AG",イチテンゴエージー,生化学検査,250,,single,,,outsourced,160142350,930
160022410,総コレステロール(T-CHO),T-cho,ソウコレステロール,生化学検査,250,,single,C6005000025000085,jlac11,,160022410,940
160023410,HDL-コレステロール,HDL-C,エイチディーエルコレステロール,生化学検査,250,,single,C6008000025000085,jlac11,,160023410,950
160167250,LDL-コレステロール,LDL-C,エルディーエルコレステロール,生化学検査,250,,single,C6011000025000085,jlac11,,160167250,960
160020910,中性脂肪(TG),TG,チュウセイシボウ,生化学検査,250,,single,C6002000025000085,jlac11,,160020910,970
160022810,蛋白分画,蛋白分画,タンパクブンカク,生化学検査,250,,single,,,,160022810,980
160025910,アンモニア,NH3,アンモニア,生化学検査,242,T03,single,,,,160025910,990
160025610,乳酸,Lac,ニュウサン,生化学検査,246,T07,single,,,,160025610,1000
160024210,ケトン体,ケトン体,ケトンタイ,生化学検査,250,,single,,,,160024210,1010
160027710,血液ガス分析,血ガス,ケツエキガスブンセキ,生化学検査,223,T09,single,,,,160027710,1020
160171750,心筋トロポニンI,TnI,シンキントロポニンアイ,生化学検査,250,,single,,,,160171750,1030
160162350,脳性Na利尿ペプチド(BNP),BNP,ビーエヌピー,生化学検査,242,T03,single,H80390000242000E3,jlac11,,160162350,1040
160181250,NT-proBNP,NT-proBNP,エヌティープロビーエヌピー,生化学検査,250,,single,H80400000250000E3,jlac11,,160181250,1050
160192810,プロカルシトニン定量,PCT,プロカルシトニン,生化学検査,250,,single,,,,160192810,1060
160168550,KL-6,KL-6,ケーエルシックス,生化学検査,250,,single,,,outsourced,160168550,1070
160029710,ビタミンB12,VB12,ビタミンビージュウニ,生化学検査,250,,single,,,outsourced,160029710,1080
160115310,葉酸,葉酸,ヨウサン,生化学検査,250,,single,,,outsourced,160115310,1090
160054710,CRP,CRP,シーアールピー,免疫学的検査,250,,single,E3019000025000085,jlac11,,160054710,1100
160160250,SAA,SAA,エスエーエー,免疫学的検査,250,,single,,,outsourced,160160250,1110
160055210,IgG,IgG,アイジージー,免疫学的検査,250,,single,,,,160055210,1120
160055010,IgA,IgA,アイジーエー,免疫学的検査,250,,single,,,,160055010,1130
160055310,IgM,IgM,アイジーエム,免疫学的検査,250,,single,,,,160055310,1140
160124350,C3,C3,シースリー,免疫学的検査,250,,single,,,,160124350,1150
160124450,C4,C4,シーフォー,免疫学的検査,250,,single,,,,160124450,1160
160054910,CH50,CH50,シーエイチゴジュウ,免疫学的検査,250,,single,,,,160054910,1170
160036610,β2-マイクログロブリン,β2-MG,ベータツーマイクログロブリン,免疫学的検査,250,,single,,,,160036610,1180
160195610,RF定量,RF,リウマトイドインシ,免疫学的検査,250,,single,,,,160195610,1190
160182510,抗核抗体(蛍光抗体法)定性,ANA,コウカクコウタイ,免疫学的検査,250,,single,,,outsourced,160182510,1200
160197210,抗DNA抗体定量,抗DNA抗体,コウディーエヌエーコウタイ,免疫学的検査,250,,single,,,outsourced,160197210,1210
160145910,抗SS-A/Ro抗体定性,抗SS-A抗体,コウエスエスエーコウタイ,免疫学的検査,250,,single,,,outsourced,160145910,1220
160173150,MMP-3,MMP-3,エムエムピースリー,免疫学的検査,250,,single,,,outsourced,160173150,1230
160197910,非特異的IgE定量,IgE(RIST),ヒトクイテキアイジーイー,免疫学的検査,250,,single,,,outsourced,160197910,1240
160056110,特異的IgE半定量・定量,IgE(RAST),トクイテキアイジーイー,免疫学的検査,250,,single,,,outsourced,160056110,1250
160036710,AFP,AFP,エーエフピー,免疫学的検査,250,,single,,,,160036710,1260
160036510,CEA,CEA,シーイーエー,免疫学的検査,250,,single,,,,160036510,1270
160037510,PSA,PSA,ピーエスエー,免疫学的検査,250,,single,,,,160037510,1280
160037210,CA19-9,CA19-9,シーエージュウキュウノキュウ,免疫学的検査,250,,single,,,,160037210,1290
160038010,CA125,CA125,シーエーヒャクニジュウゴ,免疫学的検査,250,,single,,,,160038010,1300
160037310,CA15-3,CA15-3,シーエージュウゴノサン,免疫学的検査,250,,single,,,outsourced,160037310,1310
160193310,PIVKA-2定量,PIVKA-2,ピブカツー,免疫学的検査,250,,single,,,outsourced,160193310,1320
160162250,ProGRP,ProGRP,プロジーアールピー,免疫学的検査,250,,single,,,outsourced,160162250,1330
160037910,NSE,NSE,エヌエスイー,免疫学的検査,250,,single,,,outsourced,160037910,1340
160158050,sIL-2R,sIL-2R,カヨウセイアイエルニアール,免疫学的検査,250,,single,,,outsourced,160158050,1350
160039110,ABO血液型,ABO,エービーオーケツエキガタ,免疫血液学的検査,211,T03,single,K1001000021100004,jlac11,,160039110,1360
160039210,Rh(D)血液型,RhD,アールエイチディーケツエキガタ,免疫血液学的検査,211,T03,single,K1006000021100004,jlac11,,160039210,1370
160161410,不規則抗体,不規則抗体,フキソクコウタイ,免疫血液学的検査,250,,single,,,,160161410,1380
160039310,Coombs試験(直接),直接Coombs,チョクセツクームス,免疫血液学的検査,212,,single,,,,160039310,1390
160039410,Coombs試験(間接),間接Coombs,カンセツクームス,免疫血液学的検査,250,,single,,,,160039410,1400
160031710,TSH,TSH,ティーエスエイチ,内分泌学的検査,250,,single,,,,160031710,1410
160033310,FT4,FT4,エフティーフォー,内分泌学的検査,250,,single,,,,160033310,1420
160033210,FT3,FT3,エフティースリー,内分泌学的検査,250,,single,,,,160033210,1430
160034210,サイログロブリン,Tg,サイログロブリン,内分泌学的検査,250,,single,,,outsourced,160034210,1440
160034010,コルチゾール,コルチゾール,コルチゾール,内分泌学的検査,250,,single,,,outsourced,160034010,1450
160035610,ACTH,ACTH,エーシーティーエイチ,内分泌学的検査,242,T03,single,,,outsourced,160035610,1460
160031510,インスリン(IRI),IRI,インスリン,内分泌学的検査,250,,single,,,,160031510,1470
160033010,C-ペプチド(CPR),CPR,シーペプチド,内分泌学的検査,250,,single,,,,160033010,1480
160035510,インタクトPTH,PTH,ピーティーエイチ,内分泌学的検査,250,,single,,,outsourced,160035510,1490
160162050,抗GAD抗体,抗GAD抗体,コウジーエーディーコウタイ,内分泌学的検査,250,,single,,,outsourced,160162050,1500
160032310,プロラクチン(PRL),PRL,プロラクチン,内分泌学的検査,250,,single,,,outsourced,160032310,1510
160125650,エリスロポエチン,EPO,エリスロポエチン,内分泌学的検査,250,,single,,,outsourced,160125650,1520
160033910,テストステロン,テストステロン,テストステロン,内分泌学的検査,250,,single,,,outsourced,160033910,1530
160046810,HBs抗原定性・半定量,HBs抗原,エイチビーエスコウゲン,感染症関連検査,250,,single,V2010000025000002,jlac11,,160046810,1540
160049510,HBs抗体,HBs抗体,エイチビーエスコウタイ,感染症関連検査,250,,single,V20110000250000L2,jlac11,,160049510,1550
160120710,HBc抗体半定量・定量,HBc抗体,エイチビーシーコウタイ,感染症関連検査,250,,single,,,,160120710,1560
160050010,HBe抗原,HBe抗原,エイチビーイーコウゲン,感染症関連検査,250,,single,,,outsourced,160050010,1570
160050110,HBe抗体,HBe抗体,エイチビーイーコウタイ,感染症関連検査,250,,single,,,outsourced,160050110,1580
160118510,HCV抗体定性・定量,HCV抗体,エイチシーブイコウタイ,感染症関連検査,250,,single,V2168000025000002,jlac11,,160118510,1590
160194710,"HIV-1,2抗原・抗体同時測定定性",HIV,エイチアイブイ,感染症関連検査,250,,single,V2263000025000002,jlac11,,160194710,1600
160039810,STS定性,梅毒STS,バイドクエスティーエス,感染症関連検査,250,,single,V1055000025000002,jlac11,,160039810,1610
160040910,梅毒トレポネーマ抗体定性,梅毒TP抗体,バイドクトレポネーマコウタイ,感染症関連検査,250,,single,V1061000025000002,jlac11,,160040910,1620
160172550,ヘリコバクター・ピロリ抗体,H.pylori抗体,ヘリコバクターピロリコウタイ,感染症関連検査,250,,single,,,,160172550,1630
160041010,マイコプラズマ抗体定性,マイコプラズマ抗体,マイコプラズマコウタイ,感染症関連検査,250,,single,,,,160041010,1640
160039910,ASO定性,ASO,エーエスオー,感染症関連検査,250,,single,,,,160039910,1650
160169450,インフルエンザウイルス抗原定性,インフル抗原,インフルエンザコウゲン,感染症関連検査,345,,single,,,,160169450,1660
160117610,RSウイルス抗原定性,RSV抗原,アールエスウイルスコウゲン,感染症関連検査,345,,single,,,,160117610,1670
160202550,ヒトメタニューモウイルス抗原定性,hMPV抗原,ヒトメタニューモコウゲン,感染症関連検査,345,,single,,,,160202550,1680
160044110,A群β溶連菌迅速試験定性,溶連菌抗原,ヨウレンキンコウゲン,感染症関連検査,344,,single,,,,160044110,1690
160112910,ロタウイルス抗原定性(糞便),ロタ抗原,ロタウイルスコウゲン,感染症関連検査,190,,single,,,,160112910,1700
160112810,アデノウイルス抗原定性(糞便),アデノ抗原,アデノウイルスコウゲン,感染症関連検査,190,,single,,,,160112810,1710
160007110,クロストリジオイデス・ディフィシル抗原定性,CD抗原,クロストリジオイデスディフィシルコウゲン,感染症関連検査,190,,single,,,,160007110,1720
160104250,肺炎球菌抗原定性(尿),肺炎球菌抗原,ハイエンキュウキンコウゲン,感染症関連検査,100,,single,,,,160104250,1730
160041910,EBウイルス抗体価,EBV抗体,イービーウイルスコウタイ,感染症関連検査,250,,single,,,outsourced,160041910,1740
160041810,サイトメガロウイルス抗体価,CMV抗体,サイトメガロウイルスコウタイ,感染症関連検査,250,,single,,,outsourced,160041810,1750
160043210,風疹ウイルス抗体価,風疹抗体,フウシンコウタイ,感染症関連検査,250,,single,,,outsourced,160043210,1760
160043310,麻疹ウイルス抗体価,麻疹抗体,マシンコウタイ,感染症関連検査,250,,single,,,outsourced,160043310,1770
160174310,水痘・帯状疱疹ウイルス抗体価,VZV抗体,スイトウタイジョウホウシンコウタイ,感染症関連検査,250,,single,,,outsourced,160174310,1780
160177450,結核菌特異的インターフェロン-γ産生能,IGRA,ケッカクキントクイテキインターフェロン,感染症関連検査,213,T04,single,,,outsourced,160177450,1790
SET-01,生化学セット(基本),生化セット,セイカガクセット,生化学検査,,,panel,,,,,1800
SET-02,肝機能セット,肝機能セット,カンキノウセット,生化学検査,250,,panel,,,,,1810
SET-03,腎機能セット,腎機能セット,ジンキノウセット,生化学検査,250,,panel,,,,,1820
SET-04,脂質セット,脂質セット,シシツセット,生化学検査,250,,panel,,,,,1830
SET-05,凝固セット,凝固セット,ギョウコセット,血液学的検査,244,,panel,,,,,1840
SET-06,術前セット,術前セット,ジュツゼンセット,生化学検査,,,panel,,,,,1850
SET-07,入院時スクリーニング,入院時スクリーニング,ニュウインジスクリーニング,生化学検査,,,panel,,,,,1860
SET-08,糖尿病セット,糖尿病セット,トウニョウビョウセット,生化学検査,,,panel,,,,,1870
SET-09,甲状腺セット,甲状腺セット,コウジョウセンセット,内分泌学的検査,250,,panel,,,,,1880
SET-10,貧血精査セット,貧血セット,ヒンケツセイサセット,血液学的検査,,,panel,,,,,1890
SET-11,血液型検査,血液型検査,ケツエキガタケンサ,免疫血液学的検査,211,T03,panel,,,,,1900
SET-12,感染症スクリーニング,感染症スクリーニング,カンセンショウスクリーニング,感染症関連検査,250,,panel,,,,,1910
