1112,ハロゲン炭化水素製剤；ハロタン等
1114,エーテル系製剤
1115,溶性バルビツール酸系及び溶性チオバルビツール酸系製剤
1116,亜酸化窒素製剤
1119,その他の全身麻酔剤
1121,有機ブロム化合物製剤；ブロムワレリル尿素、ブロムカンフル系製剤
1123,抱水クロラール系製剤
1124,ベンゾジアゼピン系製剤
1125,バルビツール酸系及びチオバルビツール酸系製剤
1126,ブロム塩製剤；臭化カリウム等
1129,その他の催眠鎮静剤、抗不安剤
1131,フェナセミド系製剤
1132,ヒダントイン系製剤
1133,オキサゾリジン系製剤
1135,プリミドン系製剤
1137,スルホンアミド系製剤
1139,その他の抗てんかん剤
1141,アニリン系製剤；メフェナム酸、フルフェナム酸等
1143,サリチル酸系製剤；アスピリン等
1144,ピラゾロン系製剤；アンチピリン、スルピリン等
1145,インドメタシン製剤
1147,フェニル酢酸系製剤
1148,塩基性消炎鎮痛剤
1149,その他の解熱鎮痛消炎剤
1151,アンフェタミン系製剤
1161,アマンタジン製剤
1162,ビペリデン製剤
1164,レボドパ製剤
1169,その他の抗パーキンソン剤
1171,クロルプロマジン製剤
1172,フェノチアジン系製剤
1174,イミプラミン系製剤
1179,その他の精神神経用剤
1180,総合感冒剤
1190,その他の中枢神経系用薬
1211,アミノ安息香酸アルカミンエステル製剤；プロカイン等
1212,アミノ安息香酸アルキルエステル製剤；アミノ安息香酸エチル等
1213,ジブカイン系製剤
1214,キシリジン系製剤
1219,その他の局所麻酔剤
1224,コリン系製剤；コハク酸コリン等
1225,カルバメート系製剤
1229,その他の骨格筋弛緩剤
1231,四級アンモニウム塩製剤；メタンテリンブロミド等
1232,アセチルコリン系製剤
1233,ネオスチグミン系製剤
1239,その他の自律神経剤
1242,アトロピン系製剤
1243,パパベリン系製剤
1244,マグネシウム塩製剤；硫酸マグネシウム注射液等
1249,その他の鎮痙剤
1259,その他の発汗剤、止汗剤
1290,その他の末梢神経系用薬
1311,散瞳剤；ホマトロピン等
1312,縮瞳剤；ピロカルピン等
1313,眼科用局所麻酔剤
1314,眼科用防腐収斂剤；アミノ塩化第二水銀等
1315,眼科用コルチゾン製剤；コルチゾン点眼液及び眼軟膏剤
1316,眼科用局所血管収縮剤
1317,眼科用抗生物質製剤；オキシテトラサイクリン眼軟膏剤
1319,その他の眼科用剤
1324,耳鼻科用血管収縮剤
1325,耳鼻科用抗生物質製剤
1329,その他の耳鼻科用剤
1331,ジメンヒドリナート製剤
1339,その他の鎮暈剤
1390,その他の感覚器官用薬
1900,その他の神経系及び感覚器官用医薬品
2113,ジギタリス製剤
2115,カフェイン系製剤
2119,その他の強心剤
2121,プロカインアミド系製剤
2122,キニジン製剤
2123,β−遮断剤
2129,その他の不整脈用剤
2132,チアジド系製剤
2133,抗アルドステロン製剤；トリアムテレン等
2134,炭酸脱水酵素阻害剤
2135,クロルベンゼンスルホンアミド系製剤
2139,その他の利尿剤
2142,ヒドララジン製剤
2143,ラウオルフィア製剤
2144,アンジオテンシン変換酵素阻害剤
2145,メチルドパ製剤
2149,その他の血圧降下剤
2160,血管収縮剤
2171,冠血管拡張剤
2172,末梢血管拡張剤
2179,その他の血管拡張剤
2183,クロフィブラート系製剤
2189,その他の高脂血症用剤
2190,その他の循環器官用薬
2213,ジモルホラミン系製剤
2219,その他の呼吸促進剤
2221,エフェドリン及びマオウ製剤
2222,ノスカピン製剤
2223,デキストロメトルファン製剤
2224,カルベタペンタン製剤
2229,その他の鎮咳剤
2231,植物性製剤
2232,アンモニウム塩製剤；アンモニアウイキョウ精、塩化アンモニウム等
2233,システイン系製剤
2234,ブロムヘキシン製剤
2239,その他の去痰剤
2241,植物性製剤
2242,コデイン系製剤（家庭麻薬）
2249,その他の鎮咳去痰剤
2251,キサンチン系製剤
2252,イソプレナリン系製剤
2254,サルブタモール製剤
2259,その他の気管支拡張剤
2260,含嗽剤
2290,その他の呼吸器官用薬
2312,タンニン酸系製剤；タンニン酸アルブミン等
2314,ベルベリン系製剤
2315,ビスマス塩製剤；次硝酸ビスマス等
2316,活性生菌製剤
2318,ジメチコン製剤
2319,その他の止瀉剤、整腸剤
2321,メチルメチオニン製剤
2323,アズレン製剤
2325,Ｈ２遮断剤
2329,その他の消化性潰瘍用剤
2331,消化酵素製剤
2332,酵母製剤
2333,苦味製剤；苦味チンキ等
2334,芳香製剤；芳香散等
2335,酸類製剤；クエン酸リモナーデ等
2339,その他の健胃消化剤
2343,アルミニウム化合物製剤；水酸化アルミニウム、ケイ酸アルミニウム等
2344,無機塩製剤；炭酸水素ナトリウム等
2349,その他の制酸剤
2354,植物性製剤；センナ等
2355,無機塩製剤；硫酸マグネシウム等
2356,油脂製剤；ヒマシ油等
2357,グリセリン製剤
2359,その他の下剤、浣腸剤
2362,胆汁酸製剤
2369,その他の利胆剤
2391,鎮吐剤
2399,他に分類されない消化器官用薬
2411,ＡＣＴＨ製剤
2412,脳下垂体前葉ホルモン製剤
2413,性腺刺激ホルモン製剤
2414,脳下垂体後葉ホルモン製剤；オキシトシン等
2419,その他の脳下垂体ホルモン剤
2431,甲状腺ホルモン製剤
2432,抗甲状腺ホルモン製剤
2439,その他の甲状腺、副甲状腺ホルモン剤
2449,その他のたん白同化ステロイド剤
2451,エピネフリン製剤
2452,コルチゾン系製剤
2454,フッ素付加副腎皮質ホルモン製剤
2456,プレドニゾロン系製剤
2459,その他の副腎ホルモン剤
2461,テストステロン製剤
2462,メチルテストステロン製剤
2473,エストラジオール系製剤
2474,エチニルエストラジオール系製剤
2475,エストリオール系製剤
2477,プロゲステロン製剤
2478,合成黄体ホルモン製剤
2479,その他の卵胞ホルモン及び黄体ホルモン剤
2481,男性ホルモン、卵胞ホルモン混合製剤
2482,卵胞ホルモン、黄体ホルモン混合製剤
2491,循環ホルモン剤
2492,すい臓ホルモン剤
2499,他に分類されないホルモン剤（抗ホルモン剤を含む）
2511,ヘキサミン系製剤
2519,その他の泌尿器官用剤
2521,生殖器官用抗生物質製剤
2529,その他の生殖器官用剤（性病予防剤を含む）
2531,バッカク類製剤
2559,その他の痔疾用剤
2590,その他の泌尿生殖器官及び肛門用薬
2611,塩素酸塩製剤；塩素酸カリウム等
2612,ヨウ素化合物；ヨードチンキ等
2614,過酸化物製剤；オキシドール、過マンガン酸カリウム等
2615,アルコール製剤
2616,石鹸類製剤
2619,その他の外皮用殺菌消毒剤
2633,外用サルファ製剤
2634,外用抗生物質製剤；ペニシリン軟膏等
2639,その他の化膿性疾患用剤
2641,サリチル酸メチル製剤
2642,外用抗ヒスタミン製剤
2643,アンモニア製剤
2645,ハッカゴム及びカンフルハッカ製剤
2646,副腎皮質ホルモン製剤
2647,抗生物質及び副腎皮質ホルモン混合製剤
2649,その他の鎮痛、鎮痒、収斂、消炎剤
2652,外用サリチル酸系製剤
2653,含硫有機化合物製剤；チアントール等
2654,タール製剤
2655,イミダゾール系製剤
2659,その他の寄生性皮膚疾患用剤
2661,有機酸製剤；トリクロル酢酸等
2662,アルカリ製剤；水酸化カリウム等
2663,金属製剤；硝酸銀等
2669,その他の皮膚軟化剤（腐食剤を含む）
2679,その他の毛髪用剤（発毛剤、脱毛剤、染毛剤、養毛剤）
2691,外用ビタミン製剤；ビタミン軟膏等
2699,他に分類されない外皮用薬
2710,歯科用局所麻酔剤
2760,歯科用抗生物質製剤
2790,その他の歯科口腔用薬
2900,その他の個々の器官系用医薬品
3111,合成ビタミンＡ製剤
3112,合成ビタミンＤ製剤
3113,肝油製剤（ビタミンＡ油製剤を含む）
3119,その他のビタミンＡ及びＤ剤
3121,ビタミンＢ１剤
3122,ビタミンＢ１誘導体製剤
3131,ビタミンＢ２剤
3132,ニコチン酸系製剤
3133,パントテン酸系製剤
3134,ビタミンＢ６剤
3135,葉酸製剤
3136,ビタミンＢ１２剤
3140,ビタミンＣ剤
3150,ビタミンＥ剤
3160,ビタミンＫ剤
3172,ビタミンＢ・Ｃ混合製剤
3179,その他の混合ビタミン剤（ビタミンＡ・Ｄ混合製剤を除く）
3190,その他のビタミン剤
3211,乳酸カルシウム製剤
3213,グルコン酸カルシウム製剤
3214,有機酸カルシウム製剤（乳酸・グリセロリン酸・グルコン酸カルシウム製剤を除く）；果糖リン酸カルシウム等
3215,ハロゲン化カルシウム製剤；塩化カルシウム、臭化カルシウム等
3219,その他のカルシウム剤
3221,ヨウ素化合物製剤；ヨウ化カリウム、ヨードカゼイン等
3222,鉄化合物製剤（有機酸鉄を含む）
3229,その他の無機質製剤
3231,ブドウ糖製剤
3232,果糖製剤
3233,マルトース製剤
3234,キシリトール製剤
3239,その他の糖類剤
3253,混合アミノ酸製剤
3259,その他のたん白アミノ酸製剤
3272,マルツエキス製剤
3279,その他の乳幼児用剤
3291,アルコール性内用製剤
3299,他に分類されない滋養強壮薬
3311,生理食塩液類
3319,その他の血液代用剤
3321,カルバゾクロム系製剤
3322,ゼラチン製剤
3323,臓器性止血製剤
3326,アルギン酸系製剤
3327,抗プラスミン剤
3329,その他の止血剤
3331,輸血用クエン酸ナトリウム製剤
3332,ジクマロール系製剤
3334,ヘパリン製剤
3339,その他の血液凝固阻止剤
3399,他に分類されない血液・体液用薬
3410,人工腎臓透析用剤
3420,腹膜透析用剤
3919,その他の肝臓疾患用剤
3921,ＥＤＴＡ製剤
3922,グルタチオン製剤
3923,メルカプト酢酸系製剤（ＢＡＬを含む）
3925,チオ硫酸ナトリウム製剤
3929,その他の解毒剤
3932,シアナミド製剤
3939,その他の習慣性中毒用剤
3941,コルヒチン製剤
3942,プロベネシド製剤
3943,アロプリノール製剤
3949,その他の痛風治療剤
3954,ウロキナーゼ製剤
3959,その他の酵素製剤
3961,スルフォニル尿素系製剤
3962,ビグアナイド系製剤
3969,その他の糖尿病用剤
3991,コンドロイチン製剤
3992,アデノシン製剤
3999,他に分類されないその他の代謝性医薬品
4191,アデニン製剤
4211,クロルエチルアミン系製剤
4212,エチレンイミン系製剤
4213,スルホン酸エステル系製剤
4219,その他のアルキル化剤
4221,メルカプトプリン系製剤
4222,メトトレキサート製剤
4223,フルオロウラシル系製剤
4224,シトシン系製剤
4229,その他の代謝拮抗剤
4231,マイトマイシンＣ製剤
4233,アクチノマイシンＤ製剤
4234,ブレオマイシン系製剤
4235,アントラサイクリン系抗生物質製剤
4239,その他の抗腫瘍性抗生物質製剤
4240,抗腫瘍性植物成分製剤
4291,その他の抗悪性腫瘍用剤
4299,他に分類されない腫瘍用薬
4300,放射性医薬品
4411,ジフェンヒドラミン系製剤
4413,フェノチアジン系製剤
4419,その他の抗ヒスタミン剤
4420,刺激療法剤
4490,その他のアレルギー用薬
4900,その他の組織細胞機能用医薬品
5100,生薬
5200,漢方製剤
5900,その他の生薬及び漢方処方に基づく医薬品
6111,ペニシリン系抗生物質製剤；天然ペニシリン・合成ペニシリン
6112,リンコマイシン系抗生物質製剤
6113,バンコマイシン製剤
6119,その他の主としてグラム陽性菌に作用するもの
6122,モノバクタム系抗生物質製剤
6123,アミノ糖系抗生物質製剤
6124,スペクチノマイシン製剤
6125,コリスチン製剤
6126,ポリミキシンＢ製剤
6129,その他の主としてグラム陰性菌に作用するもの
6131,ペニシリン系抗生物質製剤；合成ペニシリン
6132,セフェム系抗生物質製剤
6133,オキサセフェム系抗生物質製剤
6134,アミノ糖系抗生物質製剤
6135,ホスホマイシン製剤
6139,その他の主としてグラム陽性・陰性菌に作用するもの
6141,エリスロマイシン製剤
6142,スピラマイシン系抗生物質製剤
6149,その他の主としてグラム陽性菌、マイコプラズマに作用するもの
6151,クロラムフェニコール製剤
6152,テトラサイクリン系抗生物質製剤
6161,ストレプトマイシン系抗生物質製剤
6162,サイクロセリン製剤
6164,リファンピシン製剤
6169,その他の主として抗酸菌に作用するもの
6173,アムホテリシンＢ製剤
6179,その他の主としてカビに作用するもの
6191,ペニシリン系抗生物質複合製剤
6199,他に分類されない抗生物質製剤
6212,イソキサゾール核を有するサルファ剤
6219,その他のサルファ剤
6221,パラアミノサリチル系製剤
6222,イソニアジド系製剤
6223,ピラジナミド製剤
6224,エチオナミド製剤
6225,エタンブトール製剤
6239,その他の抗ハンセン病剤
6241,ピリドンカルボン酸系製剤
6249,その他の合成抗菌剤
6250,抗ウイルス剤
6290,その他の化学療法剤
6311,細菌ワクチン類
6313,ウイルスワクチン類
6322,トキソイド類
6331,抗毒素類
6341,全血製剤
6342,血液成分製剤
6343,血漿分画製剤
6349,その他の血液製剤類
6391,結核菌含有及び抗アレルギー的物質製剤
6393,精製ツベルクリン
6399,他に分類されない生物学的製剤
6415,キニーネ製剤
6419,その他の抗原虫剤
6422,チモール系製剤
6424,サントニン系製剤
6428,ピペラジン製剤
6429,その他の駆虫剤
7111,乳糖類
7112,デンプン類
7113,タルク類
7119,その他の賦形剤
7121,油脂性基剤；ワセリン、パラフィン等
7122,乳剤性基剤；精製ラノリン、親水軟膏等
7123,水溶性基剤；マクロゴール1500等
7129,その他の軟膏基剤
7131,精製水類
7134,エーテル類
7139,その他の溶解剤
7142,シロップ製剤；単シロップ等
7143,生薬製剤；カンゾウ末等
7149,その他の矯味、矯臭、着色剤
7190,その他の調剤用薬
7211,ヨウ素化合物製剤
7212,バリウム塩製剤
7213,造影補助剤
7214,配合製剤
7219,その他のＸ線造影剤
7223,内分泌機能検査用試薬
7224,肝機能検査用試薬
7225,腎機能検査用試薬
7229,その他の機能検査用試薬
7290,その他の診断用薬（体外診断用医薬品を除く）
7311,パラオキシ安息香酸エステル系製剤
7319,その他の防腐剤
7451,増殖用培地
7990,他に分類されない治療を主目的としない医薬品
8112,あへん末製剤
8113,あへんチンキ及びエキス類製剤
8114,モルヒネ系製剤
8115,コデイン系製剤
8119,その他のあへんアルカロイド系麻薬
8121,コカイン系製剤
8211,フェニルピペリジン系製剤
8219,その他の合成麻薬
