code,name,icd10,display_order
00000000,外側上唇（赤唇）,C00.0,10
00000100,外側下唇（赤唇）,C00.1,20
00000200,外側口唇（赤唇）,C00.2,30
00000300,上唇粘膜,C00.3,40
00000400,下唇粘膜,C00.4,50
00000500,口唇粘膜その他,C00.5,60
00000600,唇交連,C00.6,70
00000700,口唇の境界部,C00.8,80
00000800,口唇その他,C00.9,90
00010000,舌根部,C01.9,100
00020000,舌背面,C02.0,110
00020100,舌縁,C02.1,120
00020200,舌下面,C02.2,130
00020300,舌の前2/3,C02.3,140
00020400,舌扁桃,C02.4,150
00020500,舌の境界部,C02.8,160
00020600,舌その他,C02.9,170
00030000,上顎歯肉,C03.0,180
00030100,下顎歯肉,C03.1,190
00030200,歯肉その他,C03.9,200
00040000,前部口腔底,C04.0,210
00040100,側部口腔底,C04.1,220
00040200,口腔底の境界部,C04.8,230
00040300,口腔底その他,C04.9,240
00050000,硬口蓋,C05.0,250
00050100,軟口蓋,C05.1,260
00050200,口蓋垂,C05.2,270
00050300,口蓋の境界部,C05.8,280
00050400,口蓋その他,C05.9,290
00060000,頬粘膜,C06.0,300
00060100,口腔前庭,C06.1,310
00060200,臼後部,C06.2,320
00060300,口腔の境界部,C06.8,330
00060400,口腔その他,C06.9,340
00070000,耳下腺-左,C07.9,350
00070100,耳下腺-右,C07.9,360
00080000,顎下腺-左,C08.0,370
00080100,顎下腺-右,C08.0,380
00080200,舌下腺-左,C08.1,390
00080300,舌下腺-右,C08.1,400
00080400,大唾液腺境界部-左,C08.8,410
00080500,大唾液腺境界部-右,C08.8,420
00080600,大唾液腺その他,C08.9,430
00090000,扁桃窩,C09.0,440
00090100,扁桃口蓋弓,C09.1,450
00090200,扁桃の境界部,C09.8,460
00090300,扁桃その他,C09.9,470
00100000,喉頭蓋谷,C10.0,480
00100100,喉頭蓋の前面,C10.1,490
00100200,中咽頭側壁,C10.2,500
00100300,中咽頭後壁,C10.3,510
00100400,鰓裂,C10.4,520
00100500,中咽頭の境界部,C10.8,530
00100600,中咽頭その他,C10.9,540
00110000,上咽頭上壁,C11.0,550
00110100,上咽頭後壁,C11.1,560
00110200,咽頭扁桃,C11.1,570
00110300,上咽頭側壁,C11.2,580
00110400,上咽頭前壁,C11.3,590
00110500,上咽頭の境界部,C11.8,600
00110600,上咽頭その他,C11.9,610
00120000,梨状陥凹,C12.9,620
00130000,後輪状軟骨部,C13.0,630
00130100,披裂喉頭蓋ひだ,C13.1,640
00130200,下咽頭後壁,C13.2,650
00130300,下咽頭の境界部,C13.8,660
00130400,下咽頭その他,C13.9,670
00140000,咽頭その他,C14.0,680
00140100,Waldeyer輪,C14.2,690
00140200,口唇口腔咽頭の境界部,C14.8,700
01000000,頚部食道,C15.0,710
01000100,胸部食道,C15.1,720
01000200,腹部食道,C15.2,730
01000600,食道の境界部,C15.8,740
01000700,食道その他,C15.9,750
01010000,噴門,C16.0,760
01010100,胃底部,C16.1,770
01010200,胃体部,C16.2,780
01010300,胃前庭部,C16.3,790
01010400,幽門,C16.4,800
01010500,胃小弯,C16.5,810
01010600,胃大弯,C16.6,820
01010700,胃の境界部,C16.8,830
01010800,胃その他,C16.9,840
01020000,十二指腸,C17.0,850
01020100,空腸,C17.1,860
01020200,回腸,C17.2,870
01020300,Meckel憩室,C17.3,880
01020400,小腸の境界部,C17.8,890
01020500,小腸その他,C17.9,900
01030000,盲腸,C18.0,910
01030100,虫垂,C18.1,920
01030200,上行結腸,C18.2,930
01030300,右結腸曲(肝弯曲),C18.3,940
01030400,横行結腸,C18.4,950
01030500,左結腸曲(脾弯曲),C18.5,960
01030600,下行結腸,C18.6,970
01030700,Ｓ状結腸,C18.7,980
01030800,結腸の境界部,C18.8,990
01030900,結腸その他,C18.9,1000
01040000,直腸Ｓ状結腸移行部,C19.9,1010
01050000,直腸,C20.9,1020
01060000,肛門（皮膚を除く),C21.0,1030
01060100,肛門管,C21.1,1040
01060200,総排泄腔由来部,C21.2,1050
01060300,直腸肛門肛門管境界部,C21.8,1060
01070000,肝,C22.0,1070
01070100,肝内胆管,C22.1,1080
01080000,胆嚢,C23.9,1090
01090000,肝外胆管,C24.0,1100
01090100,総胆管,C24.0,1110
01090200,胆嚢管,C24.0,1120
01090300,肝管,C24.0,1130
01090400,Vater乳頭膨大部,C24.1,1140
01090500,胆道の境界部,C24.8,1150
01090600,胆道その他,C24.9,1160
01100000,膵頭部,C25.0,1170
01100100,膵体部,C25.1,1180
01100200,膵尾部,C25.2,1190
01100300,膵管,C25.3,1200
01100400,ランゲルハンス島,C25.4,1210
01100500,膵（部位明示）,C25.7,1220
01100600,膵頚部,C25.7,1230
01100700,膵の境界部,C25.8,1240
01100800,膵その他,C25.9,1250
01110000,腸管その他,C26.0,1260
01110100,消化器系の境界部,C26.8,1270
01110200,胃腸管その他,C26.9,1280
02000000,鼻腔-左,C30.0,1290
02000100,鼻腔-右,C30.0,1300
02000200,中耳-左,C30.1,1310
02000300,中耳-右,C30.1,1320
02010000,上顎洞-左,C31.0,1330
02010100,上顎洞-右,C31.0,1340
02010200,篩骨洞-左,C31.1,1350
02010300,篩骨洞-右,C31.1,1360
02010400,前頭洞-左,C31.2,1370
02010500,前頭洞-右,C31.2,1380
02010600,蝶形骨洞-左,C31.3,1390
02010700,蝶形骨洞-右,C31.3,1400
02010800,副鼻腔の境界部-左,C31.8,1410
02010900,副鼻腔の境界部-右,C31.8,1420
02011000,副鼻腔その他,C31.9,1430
02020000,声門,C32.0,1440
02020100,声門上部,C32.1,1450
02020200,声門下部,C32.2,1460
02020300,喉頭軟骨,C32.3,1470
02020400,喉頭の境界部,C32.8,1480
02020500,喉頭その他,C32.9,1490
02030000,気管,C33.9,1500
02040000,主気管支-左,C34.0,1510
02040100,主気管支-右,C34.0,1520
02040200,肺上葉-左,C34.1,1530
02040300,肺上葉-右,C34.1,1540
02040400,肺舌区-左,C34.2,1550
02040500,肺中葉-右,C34.2,1560
02040600,肺下葉-左,C34.3,1570
02040700,肺下葉-右,C34.3,1580
02040800,肺の境界部-左,C34.8,1590
02040900,肺の境界部-右,C34.8,1600
02041000,肺その他-左,C34.9,1610
02041100,肺その他-右,C34.9,1620
02050000,胸腺,C38.0,1630
02060000,心臓,C38.1,1640
02060200,前縦隔,C38.2,1650
02060300,後縦隔,C38.3,1660
02060400,縦隔その他,C38.4,1670
02060500,胸膜-左,C38.4,1680
02060600,胸膜-右,C38.8,1690
02060900,心臓縦隔胸膜の境界部,C38.0,1700
02061200,僧帽弁,C38.0,1710
02061300,大動脈弁,C38.0,1720
02061400,三尖弁,C38.0,1730
02061500,肺動脈弁,C38.0,1740
02070000,上気道その他,C39.0,1750
02070100,呼吸器，胸腔内境界部,C39.8,1760
02070200,呼吸器系その他,C39.9,1770
03000000,上肢長骨肩甲骨，関節-左,C40.0,1780
03000100,上肢長骨肩甲骨，関節-右,C40.0,1790
03000200,上肢の短骨，関節-左,C40.1,1800
03000300,上肢の短骨，関節-右,C40.1,1810
03000400,下肢の長骨，関節-左,C40.2,1820
03000500,下肢の長骨，関節-右,C40.2,1830
03000600,下肢の短骨，関節-左,C40.3,1840
03000700,下肢の短骨，関節-右,C40.3,1850
03000800,四肢の骨関節境界部-左,C40.8,1860
03000900,四肢の骨関節境界部-右,C40.8,1870
03001000,四肢の骨関節,C40.9,1880
03010000,頭蓋骨，顔面骨，関節,C41.0,1890
03010100,上顎骨,C41.0,1900
03010200,歯（上）,C41.0,1910
03010300,下顎骨,C41.1,1920
03010400,歯（下）,C41.1,1930
03010500,脊柱,C41.2,1940
03010600,肋骨胸骨鎖骨，関節,C41.3,1950
03010700,骨盤骨仙骨尾骨，関節,C41.4,1960
03010800,骨，関節軟骨の境界部,C41.8,1970
03010900,骨，関節軟骨その他,C41.9,1980
04000000,血液,C42.0,1990
04000100,骨髄,C42.1,2000
04000200,脾,C42.2,2010
04000300,細網内皮系その他,C42.3,2020
04000400,造血系その他,C42.4,2030
05000000,口唇,C44.0,2040
05010000,上眼瞼-左,C44.1,2050
05010100,上眼瞼-右,C44.1,2060
05010200,下眼瞼-左,C44.1,2070
05010300,下眼瞼-右,C44.1,2080
05020000,耳介-左,C44.2,2090
05020100,耳介-右,C44.2,2100
05020200,外耳道-左,C44.2,2110
05020300,外耳道-右,C44.2,2120
05030000,顔面,C44.3,2130
05030100,こめかみ-左,C44.3,2140
05030200,こめかみ-右,C44.3,2150
05030300,前額部,C44.3,2160
05030400,眉間,C44.3,2170
05030600,頬部-左,C44.3,2180
05030700,頬部-右,C44.3,2190
05030800,耳前部-左,C44.3,2200
05030900,耳前部-右,C44.3,2210
05031000,耳下部-左,C44.3,2220
05031100,耳下部-右,C44.3,2230
05031200,鼻,C44.3,2240
05031300,人中,C44.3,2250
05031400,口周囲,C44.3,2260
05031500,下顎部,C44.3,2270
05031600,頤,C44.3,2280
05031700,眉毛-左,C44.3,2290
05031800,眉毛-右,C44.3,2300
05040100,頭部,C44.4,2310
05040200,耳後部-左,C44.4,2320
05040300,耳後部-右,C44.4,2330
05040400,頚部,C44.4,2340
05040500,項部,C44.4,2350
05040600,鎖骨上部-左,C44.4,2360
05040700,鎖骨上部-右,C44.4,2370
05050100,胸-左,C44.5,2380
05050200,胸-右,C44.5,2390
05050300,腋窩-左,C44.5,2400
05050400,腋窩-右,C44.5,2410
05050500,腹部,C44.5,2420
05050600,臍部,C44.5,2430
05050700,鼠径部-左,C44.5,2440
05050800,鼠径部-右,C44.5,2450
05050900,背中,C44.5,2460
05051000,腰部,C44.5,2470
05051100,臀部-左,C44.5,2480
05051200,臀部-右,C44.5,2490
05051300,肛門周囲,C44.5,2500
05060100,肩-左,C44.6,2510
05060200,肩-右,C44.6,2520
05060300,上腕-左,C44.6,2530
05060400,上腕-右,C44.6,2540
05060500,肘-左,C44.6,2550
05060600,肘-右,C44.6,2560
05060700,肘窩-左,C44.6,2570
05060800,肘窩-右,C44.6,2580
05060900,前腕-左,C44.6,2590
05061000,前腕-右,C44.6,2600
05061100,手-左,C44.6,2610
05061200,手-右,C44.6,2620
05061300,I指-左,C44.6,2630
05061400,I指-右,C44.6,2640
05061500,II指-左,C44.6,2650
05061600,II指-右,C44.6,2660
05061700,III指-左,C44.6,2670
05061800,III指-右,C44.6,2680
05061900,IV指-左,C44.6,2690
05062000,IV指-右,C44.6,2700
05062100,V指-左,C44.6,2710
05062200,V指-右,C44.6,2720
05062300,指爪-左,C44.6,2730
05062400,指爪-右,C44.6,2740
05070100,大腿-左,C44.7,2750
05070200,大腿-右,C44.7,2760
05070300,膝-左,C44.7,2770
05070400,膝-右,C44.7,2780
05070500,膝窩-左,C44.7,2790
05070600,膝窩-右,C44.7,2800
05070700,下腿-左,C44.7,2810
05070800,下腿-右,C44.7,2820
05070900,I趾-左,C44.7,2830
05071000,I趾-右,C44.7,2840
05071100,II趾-左,C44.7,2850
05071200,II趾-右,C44.7,2860
05071300,III趾-左,C44.7,2870
05071400,III趾-右,C44.7,2880
05071500,IV趾-左,C44.7,2890
05071600,IV趾-右,C44.7,2900
05071700,V趾-左,C44.7,2910
05071800,V趾-右,C44.7,2920
05071900,足-左,C44.7,2930
05072000,足-右,C44.7,2940
05072100,足背-左,C44.7,2950
05072200,足背-右,C44.7,2960
05072300,踵-左,C44.7,2970
05072400,踵-右,C44.7,2980
05072500,足底-左,C44.7,2990
05072600,足底-右,C44.7,3000
05072700,趾爪-左,C44.7,3010
05072800,趾爪-右,C44.7,3020
05080000,皮膚の境界部,C44.8,3030
05090000,皮膚その他,C44.9,3040
06000000,頭頚部，顔面の末梢神経,C47.0,3050
06000100,上肢，肩の末梢神経-左,C47.1,3060
06000200,上肢，肩の末梢神経-右,C47.1,3070
06000300,下肢股関節の末梢神経-左,C47.2,3080
06000400,下肢股関節の末梢神経-右,C47.2,3090
06000500,胸部の末梢神経,C47.3,3100
06000600,腹部の末梢神経,C47.4,3110
06000700,骨盤の末梢神経,C47.5,3120
06000800,体幹の末梢神経その他,C47.6,3130
06000900,末梢神経の境界部,C47.8,3140
06001000,末梢神経その他,C47.9,3150
07000000,後腹膜,C48.0,3160
07000100,腹膜（部位明示）,C48.1,3170
07000200,腸間膜,C48.1,3180
07000300,虫垂間膜,C48.1,3190
07000400,結腸間膜,C48.1,3200
07000500,大網,C48.1,3210
07000600,骨盤腹膜,C48.1,3220
07000700,直腸子宮窩,C48.1,3230
07000800,腹膜その他,C48.2,3240
07001000,後腹膜，腹膜の境界部,C48.8,3250
07001100,腹腔,C48.2,3260
08000000,頭頚部顔面の軟部組織,C49.0,3270
08000100,上肢，肩の軟部組織-左,C49.1,3280
08000200,上肢，肩の軟部組織-右,C49.1,3290
08000300,上肢の筋-左,C49.1,3300
08000400,上肢の筋-右,C49.1,3310
08000500,上肢の血管-左,C49.1,3320
08000600,上肢の血管-右,C49.1,3330
08000700,下肢股関節の軟部組織-左,C49.2,3340
08000800,下肢股関節の軟部組織-右,C49.2,3350
08000900,下肢の筋-左,C49.2,3360
08001000,下肢の筋-右,C49.2,3370
08001100,下肢の血管-左,C49.2,3380
08001200,下肢の血管-右,C49.2,3390
08001300,胸部の軟部組織,C49.3,3400
08001400,大動脈,C49.3,3410
08001500,腹部の軟部組織,C49.4,3420
08001600,大静脈,C49.4,3430
08001700,骨盤の軟部組織,C49.5,3440
08001800,体幹の軟部組織その他,C49.6,3450
08001900,軟部組織の境界部,C49.8,3460
08002000,結合組織，軟部組織,C49.9,3470
09000000,乳頭(E')-左,C50.0,3480
09000100,乳頭(E')-右,C50.0,3490
09000200,乳房中央部(E)-左,C50.1,3500
09000300,乳房中央部(E)-右,C50.1,3510
09000400,乳房上内側(A)-左,C50.2,3520
09000500,乳房上内側(A)-右,C50.2,3530
09000600,乳房下内側(B)-左,C50.3,3540
09000700,乳房下内側(B)-右,C50.3,3550
09000800,乳房上外側(C)-左,C50.4,3560
09000900,乳房上外側(C)-右,C50.4,3570
09001000,乳房下外側(D)-左,C50.5,3580
09001100,乳房下外側(D)-右,C50.5,3590
09001200,乳腺腋窩尾部(C')-左,C50.6,3600
09001300,乳腺腋窩尾部(C')-右,C50.6,3610
09001400,乳房の境界部-左,C50.8,3620
09001500,乳房の境界部-右,C50.8,3630
09001600,乳房その他,C50.9,3640
10000000,大陰唇,C51.0,3650
10000100,小陰唇,C51.1,3660
10000200,陰核,C51.2,3670
10000300,外陰の境界部,C51.8,3680
10000400,外陰その他,C51.9,3690
10010000,腟,C52.9,3700
10020000,子宮頚内膜,C53.0,3710
10020100,子宮頚外部,C53.1,3720
10020200,子宮頚の境界部,C53.8,3730
10020300,子宮頚その他,C53.9,3740
10030000,子宮峡部,C54.0,3750
10030100,子宮内膜,C54.1,3760
10030200,子宮筋層,C54.2,3770
10030300,子宮底,C54.3,3780
10030400,子宮体部の境界部,C54.8,3790
10030500,子宮体部その他,C54.9,3800
10040000,子宮N,C55.9,3810
10050000,卵巣-左,C56.9,3820
10050100,卵巣-右,C56.9,3830
10060000,卵管-左,C57.0,3840
10060100,卵管-右,C57.0,3850
10060600,女性性器（部位明示),C57.7,3860
10060700,ウォルフ管,C57.7,3870
10060800,女性性器の境界部,C57.8,3880
10060900,女性性器その他,C57.9,3890
10061000,子宮広間膜-左,C57.1,3900
10061100,子宮広間膜-右,C57.1,3910
10061200,子宮円索-左,C57.2,3920
10061300,子宮円索-右,C57.2,3930
10061400,子宮傍組織-左,C57.3,3940
10061500,傍卵巣嚢胞-右,C57.3,3950
10061600,子宮付属器-左,C57.4,3960
10061700,子宮付属器-右,C57.4,3970
10070000,胎盤,C58.9,3980
11000000,包皮,C60.0,3990
11000100,亀頭,C60.1,4000
11000200,陰茎体部,C60.2,4010
11000300,陰茎の境界部,C60.8,4020
11000400,陰茎その他,C60.9,4030
11010000,前立腺,C61.9,4040
11010600,前立腺左葉,C61.9,4050
11010700,前立腺右葉,C61.9,4060
11020000,停留精巣-左,C62.0,4070
11020100,停留精巣-右,C62.0,4080
11020200,下降精巣-左,C62.1,4090
11020300,下降精巣-右,C62.1,4100
11020400,精巣その他-左,C62.9,4110
11020500,精巣その他-右,C62.9,4120
11030000,精巣上体-左,C63.0,4130
11030100,精巣上体-右,C63.0,4140
11030200,精索-左,C63.1,4150
11030300,精索-右,C63.1,4160
11030400,陰嚢-左,C63.2,4170
11030500,陰嚢-右,C63.2,4180
11030600,男性性器（部位明示）,C63.7,4190
11030700,精嚢-左,C63.7,4200
11030800,精嚢-右,C63.7,4210
11030900,精巣鞘膜-左,C63.7,4220
11031000,精巣鞘膜-右,C63.7,4230
11031100,男性性器の境界部,C63.8,4240
11031200,男性性器その他,C63.9,4250
12000000,腎-左,C64.9,4260
12000100,腎-右,C64.9,4270
12010000,腎盂-左,C65.9,4280
12010100,腎盂-右,C65.9,4290
12020000,尿管-左,C66.9,4300
12020100,尿管-右,C66.9,4310
12030000,膀胱三角,C67.0,4320
12030100,膀胱円蓋,C67.1,4330
12030300,膀胱前壁,C67.3,4340
12030400,膀胱後壁,C67.4,4350
12030500,膀胱頚部,C67.5,4360
12030700,尿膜管,C67.7,4370
12030800,膀胱の境界部,C67.8,4380
12030900,膀胱その他,C67.9,4390
12031100,膀胱側壁-左,C67.2,4400
12031200,膀胱側壁-右,C67.2,4410
12031300,尿管口-左,C67.6,4420
12031400,尿管口-右,C67.6,4430
12040000,尿道,C68.0,4440
12040100,尿道傍腺,C68.1,4450
12040200,泌尿器の境界部,C68.8,4460
12040300,泌尿器その他,C68.9,4470
12040400,前部尿道,C68.0,4480
12040500,前立腺部尿道,C68.0,4490
13000000,結膜-左,C69.0,4500
13000100,結膜-右,C69.0,4510
13000200,角膜-左,C69.1,4520
13000300,角膜-右,C69.1,4530
13000400,網膜-左,C69.2,4540
13000500,網膜-右,C69.2,4550
13000600,脈絡膜-左,C69.3,4560
13000700,脈絡膜-右,C69.3,4570
13000800,毛様体-左,C69.4,4580
13000900,毛様体-右,C69.4,4590
13001000,水晶体-左,C69.4,4600
13001100,水晶体-右,C69.4,4610
13001200,涙腺-左,C69.5,4620
13001300,涙腺-右,C69.5,4630
13001400,眼窩-左,C69.6,4640
13001500,眼窩-右,C69.6,4650
13001600,眼，付属器の境界部-左,C69.8,4660
13001700,眼，付属器の境界部-右,C69.8,4670
13001800,眼その他-左,C69.9,4680
13001900,眼その他-右,C69.9,4690
13010000,脳髄膜,C70.0,4700
13010100,硬膜,C70.9,4710
13010200,脊髄膜,C70.1,4720
13010300,髄膜その他,C70.9,4730
13020000,大脳,C71.0,4740
13020100,前頭葉-左,C71.1,4750
13020200,前頭葉-右,C71.1,4760
13020300,側頭葉-左,C71.2,4770
13020400,側頭葉-右,C71.2,4780
13020500,頭頂葉-左,C71.3,4790
13020600,頭頂葉-右,C71.3,4800
13020700,後頭葉-左,C71.4,4810
13020800,後頭葉-右,C71.4,4820
13020900,脳室,C71.5,4830
13021000,小脳,C71.6,4840
13021100,脳幹,C71.7,4850
13021200,脳の境界部,C71.8,4860
13021300,脳その他,C71.9,4870
13030000,脊髄,C72.0,4880
13030200,馬尾,C72.1,4890
13030300,嗅神経,C72.2,4900
13030400,視神経,C72.3,4910
13030500,聴神経,C72.4,4920
13030600,脳神経,C72.5,4930
13030700,脳，中枢神経系の境界部,C72.8,4940
13030800,中枢神経系その他,C72.9,4950
14000000,甲状腺,C73.9,4960
14000100,甲状腺左葉,C73.9,4970
14000200,甲状腺右葉,C73.9,4980
14010000,副腎皮質-左,C74.0,4990
14010100,副腎皮質-右,C74.0,5000
14010200,副腎髄質-左,C74.1,5010
14010300,副腎髄質-右,C74.1,5020
14010400,副腎その他-左,C74.9,5030
14010500,副腎その他-右,C74.9,5040
14020000,上副甲状腺-左,C75.0,5050
14020100,下副甲状腺-左,C75.0,5060
14020200,上副甲状腺-右,C75.0,5070
14020300,下副甲状腺-右,C75.0,5080
14020400,下垂体,C75.1,5090
14020500,頭蓋咽頭管,C75.2,5100
14020600,松果体,C75.3,5110
14020800,大動脈小体，傍神経節,C75.5,5120
14020900,内分泌腺の境界部,C75.8,5130
14021000,内分泌腺その他,C75.9,5140
14021100,頚動脈小体-左,C75.4,5150
14021200,頚動脈小体-右,C75.4,5160
15000000,頭頚部顔面その他,C76.0,5170
15000100,胸郭その他,C76.1,5180
15000200,腹部その他,C76.2,5190
15000400,骨盤その他,C76.3,5200
15000500,上肢その他,C76.4,5210
15000600,下肢その他,C76.5,5220
15000700,部位不明確,C76.7,5230
15000800,部位不明確の境界部,C76.8,5240
16010000,頭頚部顔面リンパ節,C77.0,5250
16020000,胸腔内リンパ節,C77.1,5260
16050000,腹腔内リンパ節,C77.2,5270
16090000,腋窩，上肢リンパ節,C77.3,5280
16100000,鼡径，下肢リンパ節,C77.4,5290
16110000,骨盤内リンパ節,C77.5,5300
16120000,多部位のリンパ節,C77.8,5310
16130000,リンパ節その他,C77.9,5320
17000000,部位不明,C80.9,5330
